agghhsag,geqgqegqeg,12435366,1,AI,Mumbai,"Python , AI , PowerBI"
gwgdsaghwrj,wrhrwwrrwhwrh,315263737,1,AI,Mumbai,"Python , AI , PowerBI"
gwhwhwhwh,qegwgwrhwr@gmail.com,1212435,1,AI,Mumbai,"Python , AI , PowerBI"
gwhwhwhwh,qegwgwrhwr@gmail.com,1212435,1,AI,Mumbai,"Python , AI , PowerBI"
gwhwhwhwh,qegwgwrhwr@gmail.com,1212435,1,AI,Mumbai,"Python , AI , PowerBI"
gwhwhwhwh,qegwgwrhwr@gmail.com,1212435,1,AI,Mumbai,"Python , AI , PowerBI"
gwhwhwhwh,qegwgwrhwr@gmail.com,1212435,1,AI,Mumbai,"Python , AI , PowerBI"
gwhwhwhwh,qegwgwrhwr@gmail.com,1212435,1,AI,Mumbai,"Python , AI , PowerBI"
gwhwhwhwh,qegwgwrhwr@gmail.com,1212435,1,AI,Mumbai,"Python , AI , PowerBI"
gwhwhwhwh,qegwgwrhwr@gmail.com,1212435,1,AI,Mumbai,"Python , AI , PowerBI"
gwhwhwhwh,qegwgwrhwr@gmail.com,1212435,1,AI,Mumbai,"Python , AI , PowerBI"
gwhwhwhwh,qegwgwrhwr@gmail.com,1212435,1,AI,Mumbai,"Python , AI , PowerBI"
gwhwhwhwh,qegwgwrhwr@gmail.com,1212435,1,AI,Mumbai,"Python , AI , PowerBI"
